{
  "ID":"0013",
  "category":"caps/hats",
  "price":"$6.80",
  "title":"Eye-Bee-M Cap",
  "text":"Wear a piece of design history on this unstructured low profile cap. Details: -Enzyme washed black chino -Adjustable strap with embossed IBM logo on clip buckle -Embroidered logo -Import",
  "product_page":"https://logostore-globalid.us/ProductDetail.aspx?pid=131628",
  "image_url":"https://lf.staplespromotionalproducts.com/lf?set=scale[50],env[live],output_format[png],sku_number[200187259],sku_dir[200187],view_code[F1]%26call=url[file:san/com/sku.chain]"
}