{
  "ID":"0014",
  "category":"caps/hats",
  "price":"$4.61",
  "title":"Think Cap",
  "text":"Wear this THINK cap with an unstructured low profile and display IBM's corporate motto. Details: -Enzyme washed black chino -Adjustable strap with embossed IBM logo on clip buckle -Embroidered logo -Import",
  "product_page":"https://logostore-globalid.us/ProductDetail.aspx?pid=131626",
  "image_url":"https://lf.staplespromotionalproducts.com/lf?set=scale[50],env[live],output_format[png],sku_number[200187049],sku_dir[200187],view_code[F1]%26call=url[file:san/com/sku.chain]"
}