{
  "ID":"0025",
  "category":"cups/mugs",
  "price":"$18.80",
  "title":"17oz Stainless Steel Tumbler",
  "text":"Take your beverage on the go with this 17oz Stainless Tumbler. Details -BPA-free, double-wall, vacuum-insulated 18/8 stainless steel with sweatproof design. -Leakproof plastic lid with inner seal. -Won't retain odors or flavors. -Passivated interior for corrosion protection. -Nylon carry strap. -Keeps drinks hot for up to eight hours or cold for 24 hours. -Fits most auto cup holders. -Hand wash recommended, (lid is top rack dishwasher safe). -Do not microwave. -Holds 17 oz. -Gift Boxed. -Import. Laser Engraving. Matte Navy.",
  "product_page":"https://logostore-globalid.us/ProductDetail.aspx?pid=240184",
  "image_url":"https://lf.staplespromotionalproducts.com/lf?set=scale[50],env[live],output_format[png],sku_number[200314345],sku_dir[200314],view_code[D]%26call=url[file:san/com/sku.chain]"
}