{
  "ID":"0002",
  "category":"shirts",
  "price":"$27.30",
  "title":"Moreno Short Sleeve Polo",
  "text":"Cool and stylish, perfect for the course or office. Details: - Moisture-wicking, 4.3 oz., 100% micro polyester double pique knit - Flat-knit collar; three-button placket with dyed-to-match buttons, contrast X-shaped bar tacks at side vents - Navy - Embroidered logo.",
  "product_page":"https://logostore-globalid.us/ProductDetail.aspx?pid=159907",
  "image_url":"https://lf.staplespromotionalproducts.com/lf?set=scale[50],env[live],output_format[png],sku_number[200226050],sku_dir[200226],view_code[F1]%26call=url[file:san/com/sku.chain]"
}