{
  "ID":"0011",
  "category":"caps/hats",
  "price":"$7.95",
  "title":"Watson Cap",
  "text":"This unstructured low profile cap is the perfect weekend accessory. Details: -Enzyme washed black chino -Adjustable strap with embossed IBM logo on clip buckle -Embroidered logo -Import.",
  "product_page":"https://logostore-globalid.us/ProductDetail.aspx?pid=226166",
  "image_url":"https://lf.staplespromotionalproducts.com/lf?set=scale[50],env[live],output_format[png],sku_number[200300903],sku_dir[200300],view_code[F1]%26call=url[file:san/com/sku.chain]"
}