{
  "ID":"0023",
  "category":"cups/mugs",
  "price":"$5.36",
  "title":"Be Essential Mug",
  "text":"This mug is a great reminder of the IBM purpose, values and practices. Details: -Holds 11 oz. -Microwave and top rack dishwasher safe",
  "product_page":"https://logostore-globalid.us/ProductDetail.aspx?pid=132294",
  "image_url":"https://lf.staplespromotionalproducts.com/lf?set=scale[50],env[live],output_format[png],sku_number[200190104],sku_dir[200190],view_code[F1]%26call=url[file:san/com/sku.chain]"
}