{
	"name": "watson-online-store",
	"created": "2017-03-17T22:09:32.659Z",
	"intents": [{
		"intent": "CreateUserAccount",
		"created": "2017-03-17T22:09:32.659Z",
		"updated": "2017-03-17T22:09:32.659Z",
		"examples": [{
			"text": "I'd like to create a user account",
			"created": "2017-03-17T22:09:32.659Z",
			"updated": "2017-03-17T22:09:32.659Z"
		}, {
			"text": "I'd like to register",
			"created": "2017-03-17T22:09:32.659Z",
			"updated": "2017-03-17T22:09:32.659Z"
		}, {
			"text": "I need to create an account",
			"created": "2017-03-17T22:09:32.659Z",
			"updated": "2017-03-17T22:09:32.659Z"
		}, {
			"text": "I want an account",
			"created": "2017-03-17T22:09:32.659Z",
			"updated": "2017-03-17T22:09:32.659Z"
		}, {
			"text": "I want to register",
			"created": "2017-03-17T22:09:32.659Z",
			"updated": "2017-03-17T22:09:32.659Z"
		}],
		"description": null
	}, {
		"intent": "login",
		"created": "2017-03-17T22:09:32.659Z",
		"updated": "2017-03-17T22:09:32.659Z",
		"examples": [{
			"text": "I am a MBI customer",
			"created": "2017-03-17T22:09:32.659Z",
			"updated": "2017-03-17T22:09:32.659Z"
		}, {
			"text": "I am a returning customer",
			"created": "2017-03-17T22:09:32.659Z",
			"updated": "2017-03-17T22:09:32.659Z"
		}, {
			"text": "I have an account",
			"created": "2017-03-17T22:09:32.659Z",
			"updated": "2017-03-17T22:09:32.659Z"
		}, {
			"text": "I want to login",
			"created": "2017-03-17T22:09:32.659Z",
			"updated": "2017-03-17T22:09:32.659Z"
		}, {
			"text": "my account is",
			"created": "2017-03-17T22:09:32.659Z",
			"updated": "2017-03-17T22:09:32.659Z"
		}],
		"description": null
	}, {
		"intent": "Purchase",
		"created": "2017-03-17T22:09:32.659Z",
		"updated": "2017-03-17T22:09:32.659Z",
		"examples": [{
			"text": "buy",
			"created": "2017-03-17T22:09:32.659Z",
			"updated": "2017-03-17T22:09:32.659Z"
		}, {
			"text": "can i buy some shoes?",
			"created": "2017-03-17T22:09:32.659Z",
			"updated": "2017-03-17T22:09:32.659Z"
		}, {
			"text": "get",
			"created": "2017-03-17T22:09:32.659Z",
			"updated": "2017-03-17T22:09:32.659Z"
		}, {
			"text": "I'd like to buy",
			"created": "2017-03-17T22:09:32.659Z",
			"updated": "2017-03-17T22:09:32.659Z"
		}, {
			"text": "I'd like to pay",
			"created": "2017-03-17T22:09:32.659Z",
			"updated": "2017-03-17T22:09:32.659Z"
		}, {
			"text": "I'm ready to check out",
			"created": "2017-03-17T22:09:32.659Z",
			"updated": "2017-03-17T22:09:32.659Z"
		}, {
			"text": "I want to buy",
			"created": "2017-03-17T22:09:32.659Z",
			"updated": "2017-03-17T22:09:32.659Z"
		}, {
			"text": "I want to get",
			"created": "2017-03-17T22:09:32.659Z",
			"updated": "2017-03-17T22:09:32.659Z"
		}, {
			"text": "purchase",
			"created": "2017-03-17T22:09:32.659Z",
			"updated": "2017-03-17T22:09:32.659Z"
		}],
		"description": null
	}, {
		"intent": "register",
		"created": "2017-03-17T22:09:32.659Z",
		"updated": "2017-03-17T22:09:32.659Z",
		"examples": [{
			"text": "I'd like to register for an account",
			"created": "2017-03-17T22:09:32.659Z",
			"updated": "2017-03-17T22:09:32.659Z"
		}, {
			"text": "I'd like to sign up",
			"created": "2017-03-17T22:09:32.659Z",
			"updated": "2017-03-17T22:09:32.659Z"
		}, {
			"text": "I need an account",
			"created": "2017-03-17T22:09:32.659Z",
			"updated": "2017-03-17T22:09:32.659Z"
		}, {
			"text": "I want to register",
			"created": "2017-03-17T22:09:32.659Z",
			"updated": "2017-03-17T22:09:32.659Z"
		}, {
			"text": "I wish to sign up",
			"created": "2017-03-17T22:09:32.659Z",
			"updated": "2017-03-17T22:09:32.659Z"
		}],
		"description": null
	}, {
		"intent": "return",
		"created": "2017-03-17T22:09:32.659Z",
		"updated": "2017-03-17T22:09:32.659Z",
		"examples": [{
			"text": "I'd like to return",
			"created": "2017-03-17T22:09:32.659Z",
			"updated": "2017-03-17T22:09:32.659Z"
		}, {
			"text": "I don't want",
			"created": "2017-03-17T22:09:32.659Z",
			"updated": "2017-03-17T22:09:32.659Z"
		}, {
			"text": "I have bought, but",
			"created": "2017-03-17T22:09:32.659Z",
			"updated": "2017-03-17T22:09:32.659Z"
		}, {
			"text": "I need to return",
			"created": "2017-03-17T22:09:32.659Z",
			"updated": "2017-03-17T22:09:32.659Z"
		}, {
			"text": "I purchased, but",
			"created": "2017-03-17T22:09:32.659Z",
			"updated": "2017-03-17T22:09:32.659Z"
		}, {
			"text": "I want my money back",
			"created": "2017-03-17T22:09:32.659Z",
			"updated": "2017-03-17T22:09:32.659Z"
		}, {
			"text": "I want to return my shoes",
			"created": "2017-03-17T22:09:32.659Z",
			"updated": "2017-03-17T22:09:32.659Z"
		}, {
			"text": "I want to return something",
			"created": "2017-03-17T22:09:32.659Z",
			"updated": "2017-03-17T22:09:32.659Z"
		}],
		"description": null
	}, {
		"intent": "Shop",
		"created": "2017-03-17T22:09:32.659Z",
		"updated": "2017-03-17T22:09:32.659Z",
		"examples": [{
			"text": "Can I get",
			"created": "2017-03-17T22:09:32.659Z",
			"updated": "2017-03-17T22:09:32.659Z"
		}, {
			"text": "Do you have",
			"created": "2017-03-17T22:09:32.659Z",
			"updated": "2017-03-17T22:09:32.659Z"
		}, {
			"text": "I'm looking for",
			"created": "2017-03-17T22:09:32.659Z",
			"updated": "2017-03-17T22:09:32.659Z"
		}, {
			"text": "I'm shopping for",
			"created": "2017-03-17T22:09:32.659Z",
			"updated": "2017-03-17T22:09:32.659Z"
		}, {
			"text": "I want",
			"created": "2017-03-17T22:09:32.659Z",
			"updated": "2017-03-17T22:09:32.659Z"
		}, {
			"text": "shop",
			"created": "2017-03-17T22:09:32.659Z",
			"updated": "2017-03-17T22:09:32.659Z"
		}],
		"description": null
	}, {
		"intent": "startOver",
		"created": "2017-03-17T22:09:32.659Z",
		"updated": "2017-03-17T22:09:32.659Z",
		"examples": [{
			"text": "begin again",
			"created": "2017-03-17T22:09:32.659Z",
			"updated": "2017-03-17T22:09:32.659Z"
		}, {
			"text": "start again",
			"created": "2017-03-17T22:09:32.659Z",
			"updated": "2017-03-17T22:09:32.659Z"
		}, {
			"text": "start over",
			"created": "2017-03-17T22:09:32.659Z",
			"updated": "2017-03-17T22:09:32.659Z"
		}, {
			"text": "try again",
			"created": "2017-03-17T22:09:32.659Z",
			"updated": "2017-03-17T22:09:32.659Z"
		}],
		"description": null
	}],
	"updated": "2017-03-22T20:24:21.643Z",
	"entities": [{
		"type": null,
		"entity": "NegativeResponse",
		"source": null,
		"values": [{
			"value": "I don't",
			"created": "2017-03-17T22:09:32.659Z",
			"updated": "2017-03-17T22:09:32.659Z",
			"metadata": null,
			"synonyms": []
		}, {
			"value": "n",
			"created": "2017-03-17T22:09:32.659Z",
			"updated": "2017-03-17T22:09:32.659Z",
			"metadata": null,
			"synonyms": []
		}, {
			"value": "nada",
			"created": "2017-03-17T22:09:32.659Z",
			"updated": "2017-03-17T22:09:32.659Z",
			"metadata": null,
			"synonyms": []
		}, {
			"value": "no",
			"created": "2017-03-17T22:09:32.659Z",
			"updated": "2017-03-17T22:09:32.659Z",
			"metadata": null,
			"synonyms": []
		}, {
			"value": "nope",
			"created": "2017-03-17T22:09:32.659Z",
			"updated": "2017-03-17T22:09:32.659Z",
			"metadata": null,
			"synonyms": []
		}],
		"created": "2017-03-17T22:09:32.659Z",
		"updated": "2017-03-17T22:09:32.659Z",
		"open_list": false,
		"description": null
	}, {
		"type": null,
		"entity": "PositiveResponse",
		"source": null,
		"values": [{
			"value": "affirmative",
			"created": "2017-03-17T22:09:32.659Z",
			"updated": "2017-03-17T22:09:32.659Z",
			"metadata": null,
			"synonyms": []
		}, {
			"value": "I do",
			"created": "2017-03-17T22:09:32.659Z",
			"updated": "2017-03-17T22:09:32.659Z",
			"metadata": null,
			"synonyms": []
		}, {
			"value": "uh-huh",
			"created": "2017-03-17T22:09:32.659Z",
			"updated": "2017-03-17T22:09:32.659Z",
			"metadata": null,
			"synonyms": []
		}, {
			"value": "y",
			"created": "2017-03-17T22:09:32.659Z",
			"updated": "2017-03-17T22:09:32.659Z",
			"metadata": null,
			"synonyms": []
		}, {
			"value": "ye",
			"created": "2017-03-17T22:09:32.659Z",
			"updated": "2017-03-17T22:09:32.659Z",
			"metadata": null,
			"synonyms": []
		}, {
			"value": "yeah",
			"created": "2017-03-17T22:09:32.659Z",
			"updated": "2017-03-17T22:09:32.659Z",
			"metadata": null,
			"synonyms": []
		}, {
			"value": "yes",
			"created": "2017-03-17T22:09:32.659Z",
			"updated": "2017-03-17T22:09:32.659Z",
			"metadata": null,
			"synonyms": []
		}, {
			"value": "yup",
			"created": "2017-03-17T22:09:32.659Z",
			"updated": "2017-03-17T22:09:32.659Z",
			"metadata": null,
			"synonyms": []
		}],
		"created": "2017-03-17T22:09:32.659Z",
		"updated": "2017-03-17T22:09:32.659Z",
		"open_list": false,
		"description": null
	}, {
		"type": null,
		"entity": "product",
		"source": null,
		"values": [{
			"value": "pants",
			"created": "2017-03-17T22:09:32.659Z",
			"updated": "2017-03-17T22:09:32.659Z",
			"metadata": null,
			"synonyms": ["capris", "slacks"]
		}, {
			"value": "shirt",
			"created": "2017-03-17T22:09:32.659Z",
			"updated": "2017-03-17T22:09:32.659Z",
			"metadata": null,
			"synonyms": ["blouse", "button down", "polo", "top"]
		}, {
			"value": "shoe",
			"created": "2017-03-17T22:09:32.659Z",
			"updated": "2017-03-17T22:09:32.659Z",
			"metadata": null,
			"synonyms": ["boot", "boots", "clogs", "pair of shoes", "pumps", "sandals", "shoes"]
		}],
		"created": "2017-03-17T22:09:32.659Z",
		"updated": "2017-03-17T22:09:32.659Z",
		"open_list": false,
		"description": null
	}],
	"language": "en",
	"metadata": null,
	"description": null,
	"dialog_nodes": [{
		"go_to": null,
		"output": null,
		"parent": null,
		"context": null,
		"created": "2017-03-17T22:09:32.659Z",
		"updated": "2017-03-17T22:09:32.659Z",
		"metadata": null,
		"conditions": "anything_else",
		"description": null,
		"dialog_node": "node_34_1489526806680",
		"previous_sibling": "Welcome"
	}, {
		"go_to": null,
		"output": {},
		"parent": "Shopping Intent",
		"context": null,
		"created": "2017-03-17T22:09:32.659Z",
		"updated": "2017-03-17T22:09:32.659Z",
		"metadata": null,
		"conditions": "True",
		"description": null,
		"dialog_node": "Do Discovery",
		"previous_sibling": null
	}, {
		"go_to": null,
		"output": {},
		"parent": "Welcome",
		"context": null,
		"created": "2017-03-17T22:09:32.659Z",
		"updated": "2017-03-22T20:24:21.643Z",
		"metadata": null,
		"conditions": "True",
		"description": null,
		"dialog_node": "Shopping Intent",
		"previous_sibling": null
	}, {
		"go_to": null,
		"output": {
			"text": {
				"values": ["Hello! and Welcome to Watson Online Store."],
				"selection_policy": "sequential"
			}
		},
		"parent": null,
		"context": {
			"get_input": "yes",
			"input_text": "",
			"shopping_cart": "list"
		},
		"created": "2017-03-17T22:09:32.659Z",
		"updated": "2017-03-21T17:05:30.974Z",
		"metadata": null,
		"conditions": "True",
		"description": null,
		"dialog_node": "Welcome",
		"previous_sibling": null
	}, {
		"go_to": null,
		"output": {
			"text": {
				"values": ["Here's what I found from Watson Discovery: $discovery_result\n "],
				"selection_policy": "sequential"
			}
		},
		"parent": "Do Discovery",
		"context": {
			"get_input": "no",
			"discovery_string": ""
		},
		"created": "2017-03-17T22:09:32.659Z",
		"updated": "2017-03-20T20:29:10.497Z",
		"metadata": null,
		"conditions": "true",
		"description": null,
		"dialog_node": "Discovery Response",
		"previous_sibling": null
	}, {
		"go_to": null,
		"output": {
			"text": {
				"values": ["Let's add  to your shopping cart....."],
				"selection_policy": "sequential"
			}
		},
		"parent": "Choose item to add",
		"context": {
			"cart_item": "<?input_text?>",
			"get_input": "no",
			"shopping_cart": "add"
		},
		"created": "2017-03-17T22:09:32.659Z",
		"updated": "2017-03-20T20:23:21.905Z",
		"metadata": null,
		"conditions": "true",
		"description": null,
		"dialog_node": "Test Add to Cart",
		"previous_sibling": null
	}, {
		"go_to": null,
		"output": {
			"text": {
				"values": ["Let's Delete <?input_text?>."],
				"selection_policy": "sequential"
			}
		},
		"parent": "Choose item to delete",
		"context": {
			"cart_item": "<?input_text?>",
			"get_input": "no",
			"shopping_cart": "delete"
		},
		"created": "2017-03-17T22:09:32.659Z",
		"updated": "2017-03-20T22:11:01.160Z",
		"metadata": null,
		"conditions": "True",
		"description": null,
		"dialog_node": "Test delete from cart",
		"previous_sibling": null
	}, {
		"go_to": null,
		"output": {
			"text": {
				"values": ["Now we'll list the cart..."],
				"selection_policy": "sequential"
			}
		},
		"parent": "Test delete from cart",
		"context": {
			"cart_item": "",
			"get_input": "no",
			"shopping_cart": "list"
		},
		"created": "2017-03-17T22:09:32.659Z",
		"updated": "2017-03-22T20:23:51.967Z",
		"metadata": null,
		"conditions": "true",
		"description": null,
		"dialog_node": "List after delete",
		"previous_sibling": null
	}, {
		"go_to": null,
		"output": {
			"text": {
				"values": ["OK, let's list your shopping cart..."],
				"selection_policy": "sequential"
			}
		},
		"parent": "Test Add to Cart",
		"context": {
			"cart_item": "",
			"get_input": "no",
			"shopping_cart": "list",
			"discovery_result": ""
		},
		"created": "2017-03-17T22:09:32.659Z",
		"updated": "2017-03-20T19:22:10.806Z",
		"metadata": null,
		"conditions": "input_text",
		"description": null,
		"dialog_node": "Enter something to list",
		"previous_sibling": null
	}, {
		"go_to": null,
		"output": {
			"text": {
				"values": ["Please choose which item you will add to your cart."],
				"selection_policy": "sequential"
			}
		},
		"parent": "Discovery Response",
		"context": {
			"get_input": "yes"
		},
		"created": "2017-03-20T20:19:57.783Z",
		"updated": "2017-03-20T20:31:22.261Z",
		"metadata": null,
		"conditions": "true",
		"description": null,
		"dialog_node": "Choose item to add",
		"previous_sibling": null
	}, {
		"go_to": null,
		"output": {
			"text": {
				"values": ["Which item number do you want to delete?"],
				"selection_policy": "sequential"
			}
		},
		"parent": "List cart items",
		"context": {
			"get_input": "yes"
		},
		"created": "2017-03-20T21:59:07.772Z",
		"updated": "2017-03-21T17:07:12.131Z",
		"metadata": null,
		"conditions": "True",
		"description": null,
		"dialog_node": "Choose item to delete",
		"previous_sibling": null
	}, {
		"go_to": null,
		"output": {
			"text": {
				"values": ["Your cart is:\n $shopping_cart"],
				"selection_policy": "sequential"
			}
		},
		"parent": "Enter something to list",
		"context": {
			"cart_item": "",
			"get_input": "no"
		},
		"created": "2017-03-17T22:09:32.659Z",
		"updated": "2017-03-20T21:07:37.647Z",
		"metadata": null,
		"conditions": "$shopping_cart",
		"description": null,
		"dialog_node": "List cart items",
		"previous_sibling": null
	}, {
		"go_to": {
			"return": null,
			"selector": "body",
			"dialog_node": "Shopping Intent"
		},
		"output": {},
		"parent": "List after delete",
		"context": null,
		"created": "2017-03-17T22:09:32.659Z",
		"updated": "2017-03-17T22:09:32.659Z",
		"metadata": null,
		"conditions": "true",
		"description": null,
		"dialog_node": "list and jump to help",
		"previous_sibling": null
	}, {
		"type": "response_condition",
		"go_to": null,
		"output": {
			"text": {
				"values": ["Hello $first_name. Your shopping cart is:\n$shopping_cart\n What do you want to shop for?"],
				"selection_policy": "sequential"
			}
		},
		"parent": "Shopping Intent",
		"context": {
			"get_input": "yes"
		},
		"created": "2017-03-17T22:09:32.659Z",
		"updated": "2017-03-20T21:07:01.834Z",
		"metadata": null,
		"conditions": null,
		"description": null,
		"dialog_node": "node_28_1489177511034",
		"previous_sibling": "Do Discovery"
	}, {
		"type": "response_condition",
		"go_to": null,
		"output": {
			"text": {
				"values": ["I'll  use Watson Discovery to find that...."],
				"selection_policy": "sequential"
			}
		},
		"parent": "Do Discovery",
		"context": {
			"get_input": "no",
			"discovery_string": "<?input_text?>"
		},
		"created": "2017-03-17T22:09:32.659Z",
		"updated": "2017-03-20T19:59:47.324Z",
		"metadata": null,
		"conditions": " ",
		"description": null,
		"dialog_node": "node_37_1489530435651",
		"previous_sibling": "Discovery Response"
	}, {
		"type": "response_condition",
		"go_to": null,
		"output": {
			"text": {
				"values": ["Items in your cart are now:\n$shopping_cart"],
				"selection_policy": "sequential"
			}
		},
		"parent": "list and jump to help",
		"context": {
			"get_input": "yes"
		},
		"created": "2017-03-17T22:09:32.659Z",
		"updated": "2017-03-20T22:01:51.674Z",
		"metadata": null,
		"conditions": " ",
		"description": null,
		"dialog_node": "node_48_1489616615394",
		"previous_sibling": null
	}],
	"workspace_id": "69829a01-20e4-47ad-bf3f-9cafe376aeed",
	"counterexamples": [{
		"text": "how about some politics?",
		"created": "2017-03-17T22:09:32.659Z",
		"updated": "2017-03-17T22:09:32.659Z"
	}]
}
